{"cameraMode":{"drawMode":0,"name":"Shaded","section":"Shading Mode"},"sceneLighting":false,"audioPlay":false,"sceneViewState":{"showFog":false,"showMaterialUpdate":false,"showSkybox":false,"showFlares":false,"showImageEffects":false,"showParticleSystems":false,"showVisualEffectGraphs":true,"m_FxEnabled":true},"in2DMode":false,"pivot":{"x":0.05791296437382698,"y":0.42468899488449099,"z":-0.900075376033783},"rotation":{"x":0.0001710820506559685,"y":0.9994936585426331,"z":-0.006595354061573744,"w":0.030590515583753587},"size":3.461164951324463,"orthographic":false}