{"cameraMode":{"drawMode":0,"name":"Shaded","section":"Shading Mode"},"sceneLighting":false,"audioPlay":false,"sceneViewState":{"showFog":false,"showMaterialUpdate":false,"showSkybox":false,"showFlares":false,"showImageEffects":false,"showParticleSystems":false,"showVisualEffectGraphs":true,"m_FxEnabled":true},"in2DMode":false,"pivot":{"x":-0.00002682209014892578,"y":1.2211244106292725,"z":-500.04998779296877},"rotation":{"x":-0.04918082430958748,"y":-0.2819397747516632,"z":0.014501945115625859,"w":-0.9580458998680115},"size":500.0516052246094,"orthographic":false}