{"cameraMode":{"drawMode":0,"name":"Shaded","section":"Shading Mode"},"sceneLighting":false,"audioPlay":false,"sceneViewState":{"showFog":false,"showMaterialUpdate":false,"showSkybox":false,"showFlares":false,"showImageEffects":false,"showParticleSystems":false,"showVisualEffectGraphs":true,"m_FxEnabled":true},"in2DMode":false,"pivot":{"x":0.0000025425106287002565,"y":0.014940308406949044,"z":-0.0012547012884169818},"rotation":{"x":-0.10852248221635819,"y":-0.21125270426273347,"z":0.02363492362201214,"w":-0.9710854887962341},"size":0.6211816072463989,"orthographic":false}