{"cameraMode":{"drawMode":0,"name":"Shaded","section":"Shading Mode"},"sceneLighting":false,"audioPlay":false,"sceneViewState":{"showFog":false,"showMaterialUpdate":false,"showSkybox":false,"showFlares":false,"showImageEffects":false,"showParticleSystems":false,"showVisualEffectGraphs":true,"m_FxEnabled":true},"in2DMode":false,"pivot":{"x":-0.41472482681274416,"y":1.0574188232421876,"z":-2.2637505531311037},"rotation":{"x":0.0012299655936658383,"y":0.987808108329773,"z":-0.1553581953048706,"w":0.00800201017409563},"size":2.5626232624053957,"orthographic":false}